{
  "project_info": {
    "project_number": "912355132990",
    "project_id": "trainingplannerapp-24437",
    "storage_bucket": "trainingplannerapp-24437.firebasestorage.app"
  },
  "client": [
    {
      "client_info": {
        "mobilesdk_app_id": "1:912355132990:android:0dc7190f8827ac9b49f36f",
        "android_client_info": {
          "package_name": "norman.uri.myapplication"
        }
      },
      "oauth_client": [],
      "api_key": [
        {
          "current_key": "AIzaSyCit0WmKYGUUc3DLJDr9d8bWZH19HVKo18"
        }
      ],
      "services": {
        "appinvite_service": {
          "other_platform_oauth_client": []
        }
      }
    }
  ],
  "configuration_version": "1"
}